arc,saga,chapter_from,chapter_to
Romance Dawn Arc,East Blue Saga ,1,7
Orange Town Arc,East Blue Saga ,8,21
Syrup Village Arc,East Blue Saga ,22,41
Baratie Arc,East Blue Saga ,42,68
Arlong Park Arc,East Blue Saga ,69,95
Loguetown Arc,East Blue Saga ,96,100
Reverse Mountain Arc,Arabasta Saga ,101,105
Whisky Peak Arc,Arabasta Saga ,106,114
Little Garden Arc,Arabasta Saga ,115,129
Drum Island Arc,Arabasta Saga ,130,154
Arabasta Arc,Arabasta Saga ,155,217
Jaya Arc,Sky Island Saga ,218,236
Skypiea Arc,Sky Island Saga ,237,302
Long Ring Long Land Arc,Water 7 Saga ,303,321
Water 7 Arc,Water 7 Saga ,322,374
Enies Lobby Arc,Water 7 Saga ,375,430
Post-Enies Lobby Arc,Water 7 Saga ,431,441
Thriller Bark Arc,Thriller Bark Saga ,442,489
Sabaody Archipelago Arc,Summit War Saga,490,513
Amazon Lily Arc,Summit War Saga,514,524
Impel Down Arc,Summit War Saga,525,549
Marineford Arc,Summit War Saga,550,580
Post-War Arc,Summit War Saga,581,597
Return to Sabaody Arc,Fish-Man Island Saga ,598,602
Fish-Man Island Arc,Fish-Man Island Saga ,603,653
Punk Hazard Arc,Dressrosa Saga ,654,699
Dressrosa Arc,Dressrosa Saga ,700,801
Zou Arc,Four Emperors Saga,802,824
Whole Cake Island Arc,Four Emperors Saga,825,902
Levely Arc,Four Emperors Saga,903,908
Wano Country Arc,Four Emperors Saga,909,1009
